{
  "principalPoint": {
    "x": 0.14855928678076918,
    "y": 0.1122939147397386
  },
  "viewTransform": {
    "rows": [
      [
        -0.4343976263427819,
        -0.9005722185631458,
        0.016382349648640254,
        118.12763516184633
      ],
      [
        0.14331200533112157,
        -0.051148389424117334,
        0.9883549521236242,
        56.669785904443245
      ],
      [
        -0.8892470811623334,
        0.43168683256681833,
        0.15128154954487433,
        -786.6181517896563
      ],
      [
        0,
        0,
        0,
        1
      ]
    ]
  },
  "cameraTransform": {
    "rows": [
      [
        -0.4343976263427818,
        0.14331200533112154,
        -0.8892470811623332,
        -656.3049918081199
      ],
      [
        -0.9005722185631458,
        -0.05114838942411722,
        0.4316868325668183,
        448.853733134985
      ],
      [
        0.016382349648640143,
        0.9883549521236239,
        0.15128154954487433,
        61.055741146033974
      ],
      [
        0,
        0,
        0,
        1
      ]
    ]
  },
  "horizontalFieldOfView": 1.170010854333435,
  "verticalFieldOfView": 0.8317317026349331,
  "vanishingPoints": [
    {
      "x": 3.2982274789449546,
      "y": 0.2911806846498782
    },
    {
      "x": -0.01493601892441554,
      "y": -9.751455700450373
    },
    {
      "x": -0.5889713342713625,
      "y": 0.35561244570400175
    }
  ],
  "vanishingPointAxes": [
    "yNegative",
    "zNegative",
    "xPositive"
  ],
  "relativeFocalLength": 1.5097848428870644,
  "imageWidth": 7481,
  "imageHeight": 4988
}