{
  "principalPoint": {
    "x": -0.08545481158414217,
    "y": 0.16971315455060534
  },
  "viewTransform": {
    "rows": [
      [
        0.7339820491122214,
        -0.678873384927479,
        -0.020031944941308305,
        161.43417106611753
      ],
      [
        0.2764866494013606,
        0.2717307376445255,
        0.9218012469735388,
        -3.7159643529141704
      ],
      [
        -0.6203430375879411,
        -0.6821241334656538,
        0.38714491118946304,
        -1022.7839003424592
      ],
      [
        0,
        0,
        0,
        1
      ]
    ]
  },
  "cameraTransform": {
    "rows": [
      [
        0.7339820491122214,
        0.2764866494013607,
        -0.6203430375879412,
        -751.939240677093
      ],
      [
        -0.678873384927479,
        0.27173073764452554,
        -0.6821241334656538,
        -587.0624778544266
      ],
      [
        -0.02003194494130831,
        0.921801246973539,
        0.38714491118946315,
        402.62480326476185
      ],
      [
        0,
        0,
        0,
        1
      ]
    ]
  },
  "horizontalFieldOfView": 0.63398336069616,
  "verticalFieldOfView": 0.4306250932971207,
  "vanishingPoints": [
    {
      "x": 3.5212296501044094,
      "y": 1.528329626801348
    },
    {
      "x": -3.1192062136418834,
      "y": 1.3840242832735654
    },
    {
      "x": 0.07227151373806615,
      "y": -7.088310157142363
    }
  ],
  "vanishingPointAxes": [
    "xPositive",
    "yPositive",
    "zPositive"
  ],
  "relativeFocalLength": 3.0482783567953744,
  "imageWidth": 8688,
  "imageHeight": 5792
}