{
  "principalPoint": {
    "x": 0,
    "y": 0
  },
  "viewTransform": {
    "rows": [
      [
        -0.3693063422416833,
        0.9292797686543354,
        -0.007206743356990952,
        92.19008110006702
      ],
      [
        0.2201982799894285,
        0.07996992184027867,
        -0.9721715533230526,
        79.97907928269153
      ],
      [
        -0.9028430334613907,
        -0.360616032880687,
        -0.2341592060108453,
        -620.3229114365398
      ],
      [
        0,
        0,
        0,
        1
      ]
    ]
  },
  "cameraTransform": {
    "rows": [
      [
        -0.3693063422416835,
        0.2201982799894285,
        -0.9028430334613907,
        -543.6190931381242
      ],
      [
        0.9292797686543353,
        0.07996992184027862,
        -0.3606160328806868,
        -315.7646853832316
      ],
      [
        -0.007206743356990952,
        -0.9721715533230526,
        -0.2341592060108453,
        -66.83654441816591
      ],
      [
        0,
        0,
        0,
        1
      ]
    ]
  },
  "horizontalFieldOfView": 1.214277503510945,
  "verticalFieldOfView": 0.867510819176784,
  "vanishingPoints": [
    {
      "x": -0.588839533311109,
      "y": 0.35109457270037975
    },
    {
      "x": 3.7095727778516068,
      "y": 0.319230284691547
    },
    {
      "x": -0.04430474739102745,
      "y": -5.976598993072001
    }
  ],
  "vanishingPointAxes": [
    "xPositive",
    "yPositive",
    "zPositive"
  ],
  "relativeFocalLength": 1.4395357178260415,
  "imageWidth": 7481,
  "imageHeight": 4988
}