{
  "principalPoint": {
    "x": -0.0696981466806243,
    "y": 0.01841075270974392
  },
  "viewTransform": {
    "rows": [
      [
        0.707733117148593,
        -0.7063124408566602,
        0.01538085765627667,
        -27.719665547148473
      ],
      [
        0.29748584525221716,
        0.31768981958949566,
        0.9003195823727079,
        86.40173457728346
      ],
      [
        -0.6407932636706707,
        -0.6326103970219746,
        0.4349575597848481,
        -1229.605865111046
      ],
      [
        0,
        0,
        0,
        1
      ]
    ]
  },
  "cameraTransform": {
    "rows": [
      [
        0.7077331171485932,
        0.2974858452522172,
        -0.6407932636706708,
        -794.0083230710868
      ],
      [
        -0.7063124408566605,
        0.31768981958949577,
        -0.6326103970219749,
        -824.889150610861
      ],
      [
        0.015380857656276677,
        0.9003195823727084,
        0.4349575597848483,
        457.46354522500076
      ],
      [
        0,
        0,
        0,
        1
      ]
    ]
  },
  "horizontalFieldOfView": 0.6375240255831129,
  "verticalFieldOfView": 0.4331209918351848,
  "vanishingPoints": [
    {
      "x": 3.2770000512640722,
      "y": 1.425149137697059
    },
    {
      "x": -3.452881224683512,
      "y": 1.5401209188019387
    },
    {
      "x": -0.17684974135021964,
      "y": -6.253715361410522
    }
  ],
  "vanishingPointAxes": [
    "xPositive",
    "yPositive",
    "zPositive"
  ],
  "relativeFocalLength": 3.0301558720636703,
  "imageWidth": 8688,
  "imageHeight": 5792
}