{
  "principalPoint": {
    "x": -2.555127129891689,
    "y": 13.565756730925154
  },
  "viewTransform": {
    "rows": [
      [
        0.032459482135254646,
        -0.9942014912006144,
        -0.10251720301483898,
        317.72299541993516
      ],
      [
        0.8422074644572342,
        -0.028022680991857497,
        0.5384248472744781,
        -1543.496496130615
      ],
      [
        -0.5381755929360116,
        -0.10381774532565807,
        0.8364143153506336,
        -2320.911727163266
      ],
      [
        0,
        0,
        0,
        1
      ]
    ]
  },
  "cameraTransform": {
    "rows": [
      [
        0.03245948213525442,
        0.8422074644572345,
        -0.5381755929360117,
        40.57310159276404
      ],
      [
        -0.9942014912006145,
        -0.028022680991857313,
        -0.10381774532565821,
        31.675943298138336
      ],
      [
        -0.102517203014839,
        0.5384248472744783,
        0.8364143153506338,
        2804.872731286287
      ],
      [
        0,
        0,
        0,
        1
      ]
    ]
  },
  "horizontalFieldOfView": 0.09911142183459169,
  "verticalFieldOfView": 0.05583094543004775,
  "vanishingPoints": [
    {
      "x": -1.3390302753235395,
      "y": 45.119120526210615
    },
    {
      "x": -195.64228668292998,
      "y": 8.12337918103385
    },
    {
      "x": -0.08382486052317795,
      "y": 0.5863688055521621
    }
  ],
  "vanishingPointAxes": [
    "xPositive",
    "yPositive",
    "zPositive"
  ],
  "relativeFocalLength": 20.16278765778585,
  "imageWidth": 4000,
  "imageHeight": 2252
}