{
  "principalPoint": {
    "x": 0.11054173306163097,
    "y": 0.2544459036579115
  },
  "viewTransform": {
    "rows": [
      [
        0.7576235372170462,
        0.6526559860849344,
        0.006836642614112265,
        -269.4614583587442
      ],
      [
        -0.2388532479399655,
        0.2674899615104484,
        0.9334871431571343,
        108.35396104497829
      ],
      [
        0.6074172386451181,
        -0.7088647856387287,
        0.35854569287344495,
        -1169.6954327738981
      ],
      [
        0,
        0,
        0,
        1
      ]
    ]
  },
  "cameraTransform": {
    "rows": [
      [
        0.7576235372170461,
        -0.23885324793996554,
        0.6074172386451182,
        940.5242085794968
      ],
      [
        0.6526559860849342,
        0.26748996151044846,
        -0.7088647856387288,
        -682.2738652682846
      ],
      [
        0.006836642614112265,
        0.9334871431571343,
        0.35854569287344495,
        320.0844415382614
      ],
      [
        0,
        0,
        0,
        1
      ]
    ]
  },
  "horizontalFieldOfView": 0.7634317786630276,
  "verticalFieldOfView": 0.5229517378459413,
  "vanishingPoints": [
    {
      "x": -2.996770958569112,
      "y": 1.2340772011323116
    },
    {
      "x": 2.404257166638568,
      "y": 1.1945213279620281
    },
    {
      "x": 0.06303917674991966,
      "y": -6.231636240309544
    }
  ],
  "vanishingPointAxes": [
    "xNegative",
    "yPositive",
    "zNegative"
  ],
  "relativeFocalLength": 2.49125746764723,
  "imageWidth": 8688,
  "imageHeight": 5792
}