{
  "principalPoint": {
    "x": 0,
    "y": 0
  },
  "viewTransform": {
    "rows": [
      [
        -0.46331630175444666,
        -0.8861916991742785,
        0.0015089211998920201,
        183.74035280545087
      ],
      [
        0.15285255784209492,
        -0.07823653988206672,
        0.9851472678683176,
        108.23230617971147
      ],
      [
        -0.8729112784754882,
        0.4566654312972318,
        0.17170493227744418,
        -832.1340621330673
      ],
      [
        0,
        0,
        0,
        1
      ]
    ]
  },
  "cameraTransform": {
    "rows": [
      [
        -0.4633163017544469,
        0.15285255784209498,
        -0.8729112784754886,
        -657.7928921354165
      ],
      [
        -0.8861916991742789,
        -0.07823653988206669,
        0.456665431297232,
        551.3037569796159
      ],
      [
        0.001508921199891975,
        0.985147267868318,
        0.17170493227744432,
        35.97951234265918
      ],
      [
        0,
        0,
        0,
        1
      ]
    ]
  },
  "horizontalFieldOfView": 1.0636450843822027,
  "verticalFieldOfView": 0.7476977001863397,
  "vanishingPoints": [
    {
      "x": 3.2982274789449546,
      "y": 0.2911806846498782
    },
    {
      "x": -0.01493601892441554,
      "y": -9.751455700450373
    },
    {
      "x": -0.9021080156654162,
      "y": 0.29761421543374844
    }
  ],
  "vanishingPointAxes": [
    "yNegative",
    "zNegative",
    "xPositive"
  ],
  "relativeFocalLength": 1.699616996629724,
  "imageWidth": 7481,
  "imageHeight": 4988
}