{
  "principalPoint": {
    "x": -0.23283121027389211,
    "y": -0.22215318616616045
  },
  "viewTransform": {
    "rows": [
      [
        0.8504547257519384,
        -0.5256958970469332,
        0.019250539582451556,
        -36.59027741966271
      ],
      [
        0.15580980715579634,
        0.2866793794279278,
        0.9452715151769315,
        203.233739164186
      ],
      [
        -0.5024440898650008,
        -0.8009112043409297,
        0.3257164093515903,
        -990.3334005949267
      ],
      [
        0,
        0,
        0,
        1
      ]
    ]
  },
  "cameraTransform": {
    "rows": [
      [
        0.8504547257519383,
        0.15580980715579634,
        -0.5024440898650007,
        -498.13459948342563
      ],
      [
        -0.5256958970469332,
        0.2866793794279278,
        -0.8009112043409296,
        -870.6673975032629
      ],
      [
        0.019250539582451553,
        0.9452715151769313,
        0.32571640935159024,
        131.16115733172626
      ],
      [
        0,
        0,
        0,
        1
      ]
    ]
  },
  "horizontalFieldOfView": 0.6792520632960047,
  "verticalFieldOfView": 0.4626550712354473,
  "vanishingPoints": [
    {
      "x": 4.557879447488188,
      "y": 0.6555416294692699
    },
    {
      "x": -2.0905787862219656,
      "y": 0.7909380804734635
    },
    {
      "x": -0.4001095670467538,
      "y": -8.436128959974166
    }
  ],
  "vanishingPointAxes": [
    "xPositive",
    "yPositive",
    "zPositive"
  ],
  "relativeFocalLength": 2.8303261577123893,
  "imageWidth": 8688,
  "imageHeight": 5792
}