{
  "principalPoint": {
    "x": 0.14941898448450452,
    "y": 0.15435524149456828
  },
  "viewTransform": {
    "rows": [
      [
        0.6891878093960261,
        -0.7245167047865495,
        0.009783039668056492,
        -120.85209553240107
      ],
      [
        0.2803376595523765,
        0.27906937963687284,
        0.9184394797621598,
        32.366244862586804
      ],
      [
        -0.6681548922342802,
        -0.6302347386762577,
        0.3954405317479057,
        -1311.1574060793605
      ],
      [
        0,
        0,
        0,
        1
      ]
    ]
  },
  "cameraTransform": {
    "rows": [
      [
        0.6891878093960261,
        0.28033765955237655,
        -0.6681548922342804,
        -801.8399217135157
      ],
      [
        -0.7245167047865495,
        0.2790693796368729,
        -0.6302347386762579,
        -922.9287350805276
      ],
      [
        0.009783039668056494,
        0.91843947976216,
        0.39544053174790583,
        489.94064561633957
      ],
      [
        0,
        0,
        0,
        1
      ]
    ]
  },
  "horizontalFieldOfView": 0.6206380663354322,
  "verticalFieldOfView": 0.4212314128686349,
  "vanishingPoints": [
    {
      "x": 3.3659629622486484,
      "y": 1.4627335939264228
    },
    {
      "x": -3.4354651591839174,
      "y": 1.535181090552592
    },
    {
      "x": 0.07227151373806609,
      "y": -7.08831015714236
    }
  ],
  "vanishingPointAxes": [
    "xPositive",
    "yPositive",
    "zPositive"
  ],
  "relativeFocalLength": 3.11838016507176,
  "imageWidth": 8688,
  "imageHeight": 5792
}