{
  "principalPoint": {
    "x": -0.15622033324362306,
    "y": -0.32321445435493323
  },
  "viewTransform": {
    "rows": [
      [
        0.83293888739849,
        -0.5526471241398456,
        0.02817740299111307,
        105.03709061334668
      ],
      [
        0.17009499125742936,
        0.30415396662765964,
        0.9373142794889,
        169.471810098236
      ],
      [
        -0.5265743098637651,
        -0.7759326779847713,
        0.34734417430969083,
        -829.1148030769544
      ],
      [
        0,
        0,
        0,
        1
      ]
    ]
  },
  "cameraTransform": {
    "rows": [
      [
        0.8329388873984903,
        0.1700949912574294,
        -0.5265743098637652,
        -552.9063386761744
      ],
      [
        -0.5526471241398456,
        0.3041539666276596,
        -0.7759326779847712,
        -636.834346725783
      ],
      [
        0.02817740299111307,
        0.9373142794889,
        0.34734417430969083,
        126.18017667557255
      ],
      [
        0,
        0,
        0,
        1
      ]
    ]
  },
  "horizontalFieldOfView": 0.642216772734912,
  "verticalFieldOfView": 0.4364314042530876,
  "vanishingPoints": [
    {
      "x": 4.599377894333743,
      "y": 0.647929348847795
    },
    {
      "x": -2.297510671191236,
      "y": 0.8552625910145156
    },
    {
      "x": -0.4001095670467534,
      "y": -8.436128959974164
    }
  ],
  "vanishingPointAxes": [
    "xPositive",
    "yPositive",
    "zPositive"
  ],
  "relativeFocalLength": 3.006434076450872,
  "imageWidth": 8688,
  "imageHeight": 5792
}